type,compression,time_elapsed,standard_deviation
orc,none,8.77851463953654,0.8402440211238561
orc,snappy,8.85045755704244,1.0884556388199642
orc,zlib,8.968025716145833,0.48404335095887663
parquet,uncompressed,9.180603849476782,0.8456225759714966
parquet,none,9.393999625896585,1.2307322471812945
parquet,gzip,9.412825647989909,1.0853285779483361
parquet,snappy,10.099961789449056,1.282639834215839
